ID_PERFIL,FEATURES_FORCADAS_DO_PERFIL,RANK,TITULO_RECOMENDADO,RATING_RECOMENDADO,JACCARD_SCORE,GENERO_FILME,TEMA_FILME,DIRETOR_FILME,PRODUTORA_FILME,PAIS_FILME
1,"genre: Thriller Psicológico, theme: Suspense / Mistério, main_actor: Charlize Theron, director: Luca Guadagnino, producer: Magnolia Pictures, country: Estados Unidos, age_rating: Família, release_decade: 2010, release_type: Cinema, premios: Sim",1,Searching,7.6,0.46153846153846156,Thriller Psicológico,Suspense / Mistério,Outros,Screen Gems,Estados Unidos
1,"genre: Thriller Psicológico, theme: Suspense / Mistério, main_actor: Charlize Theron, director: Luca Guadagnino, producer: Magnolia Pictures, country: Estados Unidos, age_rating: Família, release_decade: 2010, release_type: Cinema, premios: Sim",2,Run,6.7,0.5,Thriller Psicológico,Suspense / Mistério,Outros,Lionsgate,Estados Unidos
1,"genre: Thriller Psicológico, theme: Suspense / Mistério, main_actor: Charlize Theron, director: Luca Guadagnino, producer: Magnolia Pictures, country: Estados Unidos, age_rating: Família, release_decade: 2010, release_type: Cinema, premios: Sim",3,House at the End of the Street,5.5,0.35714285714285715,Thriller Psicológico,Drama Adolescente,Outros,Relativity Media,Estados Unidos
1,"genre: Thriller Psicológico, theme: Suspense / Mistério, main_actor: Charlize Theron, director: Luca Guadagnino, producer: Magnolia Pictures, country: Estados Unidos, age_rating: Família, release_decade: 2010, release_type: Cinema, premios: Sim",4,The Guest,6.7,0.3333333333333333,Thriller Psicológico,Suspense / Mistério,Adam Wingard,HanWay Films,Estados Unidos
1,"genre: Thriller Psicológico, theme: Suspense / Mistério, main_actor: Charlize Theron, director: Luca Guadagnino, producer: Magnolia Pictures, country: Estados Unidos, age_rating: Família, release_decade: 2010, release_type: Cinema, premios: Sim",5,The Da Vinci Code,6.6,0.3333333333333333,Aventura Global,Suspense / Mistério,Ron Howard,Columbia Pictures,Estados Unidos
1,"genre: Thriller Psicológico, theme: Suspense / Mistério, main_actor: Charlize Theron, director: Luca Guadagnino, producer: Magnolia Pictures, country: Estados Unidos, age_rating: Família, release_decade: 2010, release_type: Cinema, premios: Sim",6,Shutter Island,8.2,0.3333333333333333,Thriller Psicológico,Suspense / Mistério,Martin Scorsese,Paramount Pictures,Estados Unidos
1,"genre: Thriller Psicológico, theme: Suspense / Mistério, main_actor: Charlize Theron, director: Luca Guadagnino, producer: Magnolia Pictures, country: Estados Unidos, age_rating: Família, release_decade: 2010, release_type: Cinema, premios: Sim",7,"Food, Inc.",7.8,0.4166666666666667,Documentário de Comida,Outros,Outros,Magnolia Pictures,Estados Unidos
1,"genre: Thriller Psicológico, theme: Suspense / Mistério, main_actor: Charlize Theron, director: Luca Guadagnino, producer: Magnolia Pictures, country: Estados Unidos, age_rating: Família, release_decade: 2010, release_type: Cinema, premios: Sim",8,Glass,6.6,0.3333333333333333,Thriller Psicológico,Super-Herói,M Night Shyamalan,Universal Pictures,Estados Unidos
1,"genre: Thriller Psicológico, theme: Suspense / Mistério, main_actor: Charlize Theron, director: Luca Guadagnino, producer: Magnolia Pictures, country: Estados Unidos, age_rating: Família, release_decade: 2010, release_type: Cinema, premios: Sim",9,Memento,8.4,0.3333333333333333,Thriller Psicológico,Suspense / Mistério,Christopher Nolan,Newmarket Capital Group,Estados Unidos
1,"genre: Thriller Psicológico, theme: Suspense / Mistério, main_actor: Charlize Theron, director: Luca Guadagnino, producer: Magnolia Pictures, country: Estados Unidos, age_rating: Família, release_decade: 2010, release_type: Cinema, premios: Sim",10,Disturbia,6.8,0.3333333333333333,Thriller Psicológico,Crime,DJ Caruso,Dreamworks Pictures,Estados Unidos
2,"genre: Drama, theme: Comédia, main_actor: Michael Keaton, director: Bruno Barreto, producer: Dimension Films, country: Coreia do Sul, age_rating: Jovens, release_decade: 2020, release_type: Cinema, premios: Sim",1,Chunhyang,7.1,0.38461538461538464,Drama,Musical,Outros,CJ Entertainment,Coreia do Sul
2,"genre: Drama, theme: Comédia, main_actor: Michael Keaton, director: Bruno Barreto, producer: Dimension Films, country: Coreia do Sul, age_rating: Jovens, release_decade: 2020, release_type: Cinema, premios: Sim",2,Piranha 3D,5.5,0.3333333333333333,Terror Slasher,Comédia,Alexandre Aja,Dimension Films,França
2,"genre: Drama, theme: Comédia, main_actor: Michael Keaton, director: Bruno Barreto, producer: Dimension Films, country: Coreia do Sul, age_rating: Jovens, release_decade: 2020, release_type: Cinema, premios: Sim",3,"Spring, Summer, Fall, Winter... and Spring",8.0,0.38461538461538464,Drama,Romance,Outros,Pandora Filmproduktion,Coreia do Sul
2,"genre: Drama, theme: Comédia, main_actor: Michael Keaton, director: Bruno Barreto, producer: Dimension Films, country: Coreia do Sul, age_rating: Jovens, release_decade: 2020, release_type: Cinema, premios: Sim",4,Never Forever,6.4,0.38461538461538464,Drama,Romance,Outros,Outros,Coreia do Sul
2,"genre: Drama, theme: Comédia, main_actor: Michael Keaton, director: Bruno Barreto, producer: Dimension Films, country: Coreia do Sul, age_rating: Jovens, release_decade: 2020, release_type: Cinema, premios: Sim",5,Stephanie Daley,6.2,0.26666666666666666,Drama,Indefinido,Outros,Silverwood Films,Estados Unidos
2,"genre: Drama, theme: Comédia, main_actor: Michael Keaton, director: Bruno Barreto, producer: Dimension Films, country: Coreia do Sul, age_rating: Jovens, release_decade: 2020, release_type: Cinema, premios: Sim",6,Finder's Fee,6.2,0.26666666666666666,Drama,Thriller,Outros,Shavick Entertainment,Canadá
2,"genre: Drama, theme: Comédia, main_actor: Michael Keaton, director: Bruno Barreto, producer: Dimension Films, country: Coreia do Sul, age_rating: Jovens, release_decade: 2020, release_type: Cinema, premios: Sim",7,Circle of Deceit,7.1,0.25,Drama,Guerra,Volker Schlndorff,Argos Films,West Germany
2,"genre: Drama, theme: Comédia, main_actor: Michael Keaton, director: Bruno Barreto, producer: Dimension Films, country: Coreia do Sul, age_rating: Jovens, release_decade: 2020, release_type: Cinema, premios: Sim",8,Higher Ground,6.2,0.26666666666666666,Drama,Indefinido,Outros,BCDF Pictures,Estados Unidos
2,"genre: Drama, theme: Comédia, main_actor: Michael Keaton, director: Bruno Barreto, producer: Dimension Films, country: Coreia do Sul, age_rating: Jovens, release_decade: 2020, release_type: Cinema, premios: Sim",9,Jesus of Montreal,7.5,0.26666666666666666,Drama,Romance,Denys Arcand,National Film Board of Canada NFB,Canadá
2,"genre: Drama, theme: Comédia, main_actor: Michael Keaton, director: Bruno Barreto, producer: Dimension Films, country: Coreia do Sul, age_rating: Jovens, release_decade: 2020, release_type: Cinema, premios: Sim",10,Zola,6.4,0.26666666666666666,Comédia Sombria,Comédia,Outros,Killer Films,Estados Unidos
3,"genre: Crime, theme: Aventura, main_actor: Dakota Johnson, director: Quentin Tarantino, producer: Columbia Pictures, country: Estados Unidos, age_rating: Família, release_decade: 2000, release_type: Cinema, premios: Sim",1,Charlie's Angels,5.0,0.46153846153846156,Ação,Aventura,Outros,Columbia Pictures,Estados Unidos
3,"genre: Crime, theme: Aventura, main_actor: Dakota Johnson, director: Quentin Tarantino, producer: Columbia Pictures, country: Estados Unidos, age_rating: Família, release_decade: 2000, release_type: Cinema, premios: Sim",2,Cloudy with a Chance of Meatballs 2,6.3,0.46153846153846156,Computer Animation,Aventura,Outros,Columbia Pictures,Estados Unidos
3,"genre: Crime, theme: Aventura, main_actor: Dakota Johnson, director: Quentin Tarantino, producer: Columbia Pictures, country: Estados Unidos, age_rating: Família, release_decade: 2000, release_type: Cinema, premios: Sim",3,S.W.A.T.,6.1,0.46153846153846156,Ação,Aventura,Outros,Columbia Pictures,Estados Unidos
3,"genre: Crime, theme: Aventura, main_actor: Dakota Johnson, director: Quentin Tarantino, producer: Columbia Pictures, country: Estados Unidos, age_rating: Família, release_decade: 2000, release_type: Cinema, premios: Sim",4,Ghostbusters: Afterlife,7.0,0.42857142857142855,Fantasia Sobrenatural,Aventura,Jason Reitman,Columbia Pictures,Estados Unidos
3,"genre: Crime, theme: Aventura, main_actor: Dakota Johnson, director: Quentin Tarantino, producer: Columbia Pictures, country: Estados Unidos, age_rating: Família, release_decade: 2000, release_type: Cinema, premios: Sim",5,A Soldier's Story,7.2,0.46153846153846156,Crime,Drama,Norman Jewison,Columbia Pictures,Estados Unidos
3,"genre: Crime, theme: Aventura, main_actor: Dakota Johnson, director: Quentin Tarantino, producer: Columbia Pictures, country: Estados Unidos, age_rating: Família, release_decade: 2000, release_type: Cinema, premios: Sim",6,Gloria,7.1,0.46153846153846156,Crime,Drama,Outros,Columbia Pictures,Estados Unidos
3,"genre: Crime, theme: Aventura, main_actor: Dakota Johnson, director: Quentin Tarantino, producer: Columbia Pictures, country: Estados Unidos, age_rating: Família, release_decade: 2000, release_type: Cinema, premios: Sim",7,Step Up,6.5,0.3333333333333333,Crime,Drama,Anne Fletcher,Touchstone Pictures,Estados Unidos
3,"genre: Crime, theme: Aventura, main_actor: Dakota Johnson, director: Quentin Tarantino, producer: Columbia Pictures, country: Estados Unidos, age_rating: Família, release_decade: 2000, release_type: Cinema, premios: Sim",8,Spirit Untamed,5.5,0.35714285714285715,Computer Animation,Aventura,Outros,DreamWorks Animation,Estados Unidos
3,"genre: Crime, theme: Aventura, main_actor: Dakota Johnson, director: Quentin Tarantino, producer: Columbia Pictures, country: Estados Unidos, age_rating: Família, release_decade: 2000, release_type: Cinema, premios: Sim",9,Monster House,6.7,0.35714285714285715,Computer Animation,Comédia Pastelão,Gil Kenan,Columbia Pictures,Estados Unidos
3,"genre: Crime, theme: Aventura, main_actor: Dakota Johnson, director: Quentin Tarantino, producer: Columbia Pictures, country: Estados Unidos, age_rating: Família, release_decade: 2000, release_type: Cinema, premios: Sim",10,Minions: The Rise of Gru,6.5,0.35714285714285715,Computer Animation,Aventura,Outros,Universal Pictures,Estados Unidos
4,"genre: Drama, theme: Comédia, main_actor: Will Smith, director: Clint Eastwood, producer: Columbia Pictures, country: Estados Unidos, age_rating: Família, release_decade: 1990, release_type: Cinema, premios: Sim",1,Hitch,6.6,0.5384615384615384,Comédia Romântica,Comédia,Andy Tennant,Columbia Pictures,Estados Unidos
4,"genre: Drama, theme: Comédia, main_actor: Will Smith, director: Clint Eastwood, producer: Columbia Pictures, country: Estados Unidos, age_rating: Família, release_decade: 1990, release_type: Cinema, premios: Sim",2,50 First Dates,6.8,0.42857142857142855,Comédia de Alto Conceito,Comédia,Peter Segal,Columbia Pictures,Estados Unidos
4,"genre: Drama, theme: Comédia, main_actor: Will Smith, director: Clint Eastwood, producer: Columbia Pictures, country: Estados Unidos, age_rating: Família, release_decade: 1990, release_type: Cinema, premios: Sim",3,Vice Versa,5.9,0.46153846153846156,Comédia de Troca de Corpos,Comédia,Outros,Columbia Pictures,Estados Unidos
4,"genre: Drama, theme: Comédia, main_actor: Will Smith, director: Clint Eastwood, producer: Columbia Pictures, country: Estados Unidos, age_rating: Família, release_decade: 1990, release_type: Cinema, premios: Sim",4,Seven Pounds,7.6,0.5384615384615384,Tragédia,Drama,Gabriele Muccino,Columbia Pictures,Estados Unidos
4,"genre: Drama, theme: Comédia, main_actor: Will Smith, director: Clint Eastwood, producer: Columbia Pictures, country: Estados Unidos, age_rating: Família, release_decade: 1990, release_type: Cinema, premios: Sim",5,The Pursuit of Happyness,8.0,0.42857142857142855,Drama no Local de Trabalho,Biografia,Gabriele Muccino,Columbia Pictures,Estados Unidos
4,"genre: Drama, theme: Comédia, main_actor: Will Smith, director: Clint Eastwood, producer: Columbia Pictures, country: Estados Unidos, age_rating: Família, release_decade: 1990, release_type: Cinema, premios: Sim",6,Paul Blart: Mall Cop 2,4.4,0.42857142857142855,Ação,Comédia,Andy Fickman,Columbia Pictures,Estados Unidos
4,"genre: Drama, theme: Comédia, main_actor: Will Smith, director: Clint Eastwood, producer: Columbia Pictures, country: Estados Unidos, age_rating: Família, release_decade: 1990, release_type: Cinema, premios: Sim",7,Finding Forrester,7.3,0.42857142857142855,Drama,Esporte,Gus Van Sant,Columbia Pictures,Estados Unidos
4,"genre: Drama, theme: Comédia, main_actor: Will Smith, director: Clint Eastwood, producer: Columbia Pictures, country: Estados Unidos, age_rating: Família, release_decade: 1990, release_type: Cinema, premios: Sim",8,The Bridges of Madison County,7.6,0.46153846153846156,Drama,Romance,Clint Eastwood,Warner Bros,Estados Unidos
4,"genre: Drama, theme: Comédia, main_actor: Will Smith, director: Clint Eastwood, producer: Columbia Pictures, country: Estados Unidos, age_rating: Família, release_decade: 1990, release_type: Cinema, premios: Sim",9,The Legend of Bagger Vance,6.7,0.42857142857142855,Drama,Fantasia,Robert Redford,Twentieth Century Fox,Estados Unidos
4,"genre: Drama, theme: Comédia, main_actor: Will Smith, director: Clint Eastwood, producer: Columbia Pictures, country: Estados Unidos, age_rating: Família, release_decade: 1990, release_type: Cinema, premios: Sim",10,Excess Baggage,5.4,0.46153846153846156,Ação,Comédia,Outros,Columbia Pictures,Estados Unidos
5,"genre: Crime, theme: Aventura, main_actor: Isabela Merced, director: James Cameron, producer: Columbia Pictures, country: Estados Unidos, age_rating: Família, release_decade: 2020, release_type: Cinema, premios: ",1,Spirit Untamed,5.5,0.38461538461538464,Computer Animation,Aventura,Outros,DreamWorks Animation,Estados Unidos
5,"genre: Crime, theme: Aventura, main_actor: Isabela Merced, director: James Cameron, producer: Columbia Pictures, country: Estados Unidos, age_rating: Família, release_decade: 2020, release_type: Cinema, premios: ",2,Ghostbusters: Frozen Empire,6.1,0.35714285714285715,Fantasia Sobrenatural,Aventura,Gil Kenan,Columbia Pictures,Estados Unidos
5,"genre: Crime, theme: Aventura, main_actor: Isabela Merced, director: James Cameron, producer: Columbia Pictures, country: Estados Unidos, age_rating: Família, release_decade: 2020, release_type: Cinema, premios: ",3,Quicksilver,5.7,0.38461538461538464,Crime,Drama,Outros,Columbia Pictures,Estados Unidos
5,"genre: Crime, theme: Aventura, main_actor: Isabela Merced, director: James Cameron, producer: Columbia Pictures, country: Estados Unidos, age_rating: Família, release_decade: 2020, release_type: Cinema, premios: ",4,Charlie's Angels,5.0,0.38461538461538464,Ação,Aventura,Outros,Columbia Pictures,Estados Unidos
5,"genre: Crime, theme: Aventura, main_actor: Isabela Merced, director: James Cameron, producer: Columbia Pictures, country: Estados Unidos, age_rating: Família, release_decade: 2020, release_type: Cinema, premios: ",5,Cloudy with a Chance of Meatballs 2,6.3,0.38461538461538464,Computer Animation,Aventura,Outros,Columbia Pictures,Estados Unidos
5,"genre: Crime, theme: Aventura, main_actor: Isabela Merced, director: James Cameron, producer: Columbia Pictures, country: Estados Unidos, age_rating: Família, release_decade: 2020, release_type: Cinema, premios: ",6,S.W.A.T.,6.1,0.38461538461538464,Ação,Aventura,Outros,Columbia Pictures,Estados Unidos
5,"genre: Crime, theme: Aventura, main_actor: Isabela Merced, director: James Cameron, producer: Columbia Pictures, country: Estados Unidos, age_rating: Família, release_decade: 2020, release_type: Cinema, premios: ",7,The Abyss,7.5,0.38461538461538464,Outros,Aventura,James Cameron,Twentieth Century Fox,Estados Unidos
5,"genre: Crime, theme: Aventura, main_actor: Isabela Merced, director: James Cameron, producer: Columbia Pictures, country: Estados Unidos, age_rating: Família, release_decade: 2020, release_type: Cinema, premios: ",8,Enough,5.8,0.35714285714285715,Crime,Drama,Michael Apted,Columbia Pictures,Estados Unidos
5,"genre: Crime, theme: Aventura, main_actor: Isabela Merced, director: James Cameron, producer: Columbia Pictures, country: Estados Unidos, age_rating: Família, release_decade: 2020, release_type: Cinema, premios: ",9,Ghostbusters: Afterlife,7.0,0.35714285714285715,Fantasia Sobrenatural,Aventura,Jason Reitman,Columbia Pictures,Estados Unidos
5,"genre: Crime, theme: Aventura, main_actor: Isabela Merced, director: James Cameron, producer: Columbia Pictures, country: Estados Unidos, age_rating: Família, release_decade: 2020, release_type: Cinema, premios: ",10,A Soldier's Story,7.2,0.38461538461538464,Crime,Drama,Norman Jewison,Columbia Pictures,Estados Unidos
6,"genre: Crime, theme: Romance, main_actor: Ben Affleck, director: Sofia Coppola, producer: Paramount Pictures, country: Brasil, age_rating: Família, release_decade: 1990, release_type: , premios: Sim",1,Domestic Disturbance,5.6,0.25,Crime,Thriller,Harold Becker,Paramount Pictures,Estados Unidos
6,"genre: Crime, theme: Romance, main_actor: Ben Affleck, director: Sofia Coppola, producer: Paramount Pictures, country: Brasil, age_rating: Família, release_decade: 1990, release_type: , premios: Sim",2,Regarding Henry,6.7,0.25,Drama,Romance,Mike Nichols,Paramount Pictures,Estados Unidos
6,"genre: Crime, theme: Romance, main_actor: Ben Affleck, director: Sofia Coppola, producer: Paramount Pictures, country: Brasil, age_rating: Família, release_decade: 1990, release_type: , premios: Sim",3,Paternity,5.0,0.26666666666666666,Comédia,Romance,Outros,Paramount Pictures,Estados Unidos
6,"genre: Crime, theme: Romance, main_actor: Ben Affleck, director: Sofia Coppola, producer: Paramount Pictures, country: Brasil, age_rating: Família, release_decade: 1990, release_type: , premios: Sim",4,In & Out,6.4,0.25,Comédia,Romance,Frank Oz,Paramount Pictures,Estados Unidos
6,"genre: Crime, theme: Romance, main_actor: Ben Affleck, director: Sofia Coppola, producer: Paramount Pictures, country: Brasil, age_rating: Família, release_decade: 1990, release_type: , premios: Sim",5,Falling in Love,6.5,0.26666666666666666,Drama,Romance,Outros,Paramount Pictures,Estados Unidos
6,"genre: Crime, theme: Romance, main_actor: Ben Affleck, director: Sofia Coppola, producer: Paramount Pictures, country: Brasil, age_rating: Família, release_decade: 1990, release_type: , premios: Sim",6,The Sum of All Fears,6.5,0.26666666666666666,Thriller Político,Espionagem,Outros,Paramount Pictures,Estados Unidos
6,"genre: Crime, theme: Romance, main_actor: Ben Affleck, director: Sofia Coppola, producer: Paramount Pictures, country: Brasil, age_rating: Família, release_decade: 1990, release_type: , premios: Sim",7,Step Up,6.5,0.17647058823529413,Crime,Drama,Anne Fletcher,Touchstone Pictures,Estados Unidos
6,"genre: Crime, theme: Romance, main_actor: Ben Affleck, director: Sofia Coppola, producer: Paramount Pictures, country: Brasil, age_rating: Família, release_decade: 1990, release_type: , premios: Sim",8,Star Trek VI: The Undiscovered Country,7.2,0.17647058823529413,Épico de Ficção Científica,Ficção Científica Espacial,Nicholas Meyer,Paramount Pictures,Estados Unidos
6,"genre: Crime, theme: Romance, main_actor: Ben Affleck, director: Sofia Coppola, producer: Paramount Pictures, country: Brasil, age_rating: Família, release_decade: 1990, release_type: , premios: Sim",9,Transformers: Rise of the Beasts,6.0,0.1875,Invasão Alienígena,Ação de Carros,Outros,Paramount Pictures,Estados Unidos
6,"genre: Crime, theme: Romance, main_actor: Ben Affleck, director: Sofia Coppola, producer: Paramount Pictures, country: Brasil, age_rating: Família, release_decade: 1990, release_type: , premios: Sim",10,Ever After: A Cinderella Story,7.1,0.17647058823529413,Drama,Romance,Andy Tennant,Twentieth Century Fox,Estados Unidos
7,"genre: Épico de Aventura, theme: Romance, main_actor: Arnold Schwarzenegger, director: Steven Soderbergh, producer: Paramount Pictures, country: Coreia do Sul, age_rating: Jovens, release_decade: 2000, release_type: Cinema, premios: Sim",1,"Spring, Summer, Fall, Winter... and Spring",8.0,0.38461538461538464,Drama,Romance,Outros,Pandora Filmproduktion,Coreia do Sul
7,"genre: Épico de Aventura, theme: Romance, main_actor: Arnold Schwarzenegger, director: Steven Soderbergh, producer: Paramount Pictures, country: Coreia do Sul, age_rating: Jovens, release_decade: 2000, release_type: Cinema, premios: Sim",2,Never Forever,6.4,0.38461538461538464,Drama,Romance,Outros,Outros,Coreia do Sul
7,"genre: Épico de Aventura, theme: Romance, main_actor: Arnold Schwarzenegger, director: Steven Soderbergh, producer: Paramount Pictures, country: Coreia do Sul, age_rating: Jovens, release_decade: 2000, release_type: Cinema, premios: Sim",3,Witness,7.4,0.3333333333333333,Drama,Romance,Peter Weir,Paramount Pictures,Estados Unidos
7,"genre: Épico de Aventura, theme: Romance, main_actor: Arnold Schwarzenegger, director: Steven Soderbergh, producer: Paramount Pictures, country: Coreia do Sul, age_rating: Jovens, release_decade: 2000, release_type: Cinema, premios: Sim",4,Children of a Lesser God,7.2,0.35714285714285715,Drama,Romance,Outros,Paramount Pictures,Estados Unidos
7,"genre: Épico de Aventura, theme: Romance, main_actor: Arnold Schwarzenegger, director: Steven Soderbergh, producer: Paramount Pictures, country: Coreia do Sul, age_rating: Jovens, release_decade: 2000, release_type: Cinema, premios: Sim",5,Total Recall,7.5,0.25,Cyberpunk,Ação de Exército de Um Só,Paul Verhoeven,Carolco Pictures,Estados Unidos
7,"genre: Épico de Aventura, theme: Romance, main_actor: Arnold Schwarzenegger, director: Steven Soderbergh, producer: Paramount Pictures, country: Coreia do Sul, age_rating: Jovens, release_decade: 2000, release_type: Cinema, premios: Sim",6,Jesus of Montreal,7.5,0.26666666666666666,Drama,Romance,Denys Arcand,National Film Board of Canada NFB,Canadá
7,"genre: Épico de Aventura, theme: Romance, main_actor: Arnold Schwarzenegger, director: Steven Soderbergh, producer: Paramount Pictures, country: Coreia do Sul, age_rating: Jovens, release_decade: 2000, release_type: Cinema, premios: Sim",7,Compartment Number 6,7.2,0.3076923076923077,Drama,Romance,Outros,Outros,Finland
7,"genre: Épico de Aventura, theme: Romance, main_actor: Arnold Schwarzenegger, director: Steven Soderbergh, producer: Paramount Pictures, country: Coreia do Sul, age_rating: Jovens, release_decade: 2000, release_type: Cinema, premios: Sim",8,Personal Velocity,6.5,0.25,Drama,Romance,Rebecca Miller,IFC Productions,Estados Unidos
7,"genre: Épico de Aventura, theme: Romance, main_actor: Arnold Schwarzenegger, director: Steven Soderbergh, producer: Paramount Pictures, country: Coreia do Sul, age_rating: Jovens, release_decade: 2000, release_type: Cinema, premios: Sim",9,Interstellar,8.7,0.25,Épico de Aventura,Épico,Christopher Nolan,Paramount Pictures,Estados Unidos
7,"genre: Épico de Aventura, theme: Romance, main_actor: Arnold Schwarzenegger, director: Steven Soderbergh, producer: Paramount Pictures, country: Coreia do Sul, age_rating: Jovens, release_decade: 2000, release_type: Cinema, premios: Sim",10,"Love, Sex and Eating the Bones",5.8,0.3076923076923077,Comédia,Romance,Outros,Outros,Canadá
8,"genre: Drama, theme: Comédia, main_actor: Robert Downey Jr, director: Spike Lee, producer: Paramount Pictures, country: Estados Unidos, age_rating: Jovens, release_decade: 1990, release_type: Televisao, premios: Nao",1,Red Hook Summer,5.3,0.2857142857142857,Drama,Indefinido,Spike Lee,40 Acres  A Mule Filmworks,Estados Unidos
8,"genre: Drama, theme: Comédia, main_actor: Robert Downey Jr, director: Spike Lee, producer: Paramount Pictures, country: Estados Unidos, age_rating: Jovens, release_decade: 1990, release_type: Televisao, premios: Nao",2,Jekyll and Hyde... Together Again,6.1,0.2857142857142857,Paródia,Comédia,Outros,Paramount Pictures,Estados Unidos
8,"genre: Drama, theme: Comédia, main_actor: Robert Downey Jr, director: Spike Lee, producer: Paramount Pictures, country: Estados Unidos, age_rating: Jovens, release_decade: 1990, release_type: Televisao, premios: Nao",3,The Noel Diary,6.2,0.26666666666666666,Romance Leve,Comédia,Charles Shyer,Netflix Studios,Estados Unidos
8,"genre: Drama, theme: Comédia, main_actor: Robert Downey Jr, director: Spike Lee, producer: Paramount Pictures, country: Estados Unidos, age_rating: Jovens, release_decade: 1990, release_type: Televisao, premios: Nao",4,Jackass Number Two,7.0,0.26666666666666666,Ação,Comédia,Jeff Tremaine,Paramount Pictures,Estados Unidos
8,"genre: Drama, theme: Comédia, main_actor: Robert Downey Jr, director: Spike Lee, producer: Paramount Pictures, country: Estados Unidos, age_rating: Jovens, release_decade: 1990, release_type: Televisao, premios: Nao",5,The Weather Man,6.6,0.26666666666666666,Comédia Sombria,Comédia,Gore Verbinski,Paramount Pictures,Estados Unidos
8,"genre: Drama, theme: Comédia, main_actor: Robert Downey Jr, director: Spike Lee, producer: Paramount Pictures, country: Estados Unidos, age_rating: Jovens, release_decade: 1990, release_type: Televisao, premios: Nao",6,Jackass Presents: Bad Grandpa,6.5,0.26666666666666666,Comédia Sombria,Comédia,Jeff Tremaine,Paramount Pictures,Estados Unidos
8,"genre: Drama, theme: Comédia, main_actor: Robert Downey Jr, director: Spike Lee, producer: Paramount Pictures, country: Estados Unidos, age_rating: Jovens, release_decade: 1990, release_type: Televisao, premios: Nao",7,1969,5.7,0.2857142857142857,Drama,Guerra,Outros,Atlantic Entertainment Group,Estados Unidos
8,"genre: Drama, theme: Comédia, main_actor: Robert Downey Jr, director: Spike Lee, producer: Paramount Pictures, country: Estados Unidos, age_rating: Jovens, release_decade: 1990, release_type: Televisao, premios: Nao",8,Look Both Ways,6.3,0.3076923076923077,Romance Leve,Comédia,Outros,Catchlight Studios,Estados Unidos
8,"genre: Drama, theme: Comédia, main_actor: Robert Downey Jr, director: Spike Lee, producer: Paramount Pictures, country: Estados Unidos, age_rating: Jovens, release_decade: 1990, release_type: Televisao, premios: Nao",9,Nutcrackers,5.5,0.26666666666666666,Comédia de Feriado,Comédia,David Gordon Green,Rough House Pictures,Estados Unidos
8,"genre: Drama, theme: Comédia, main_actor: Robert Downey Jr, director: Spike Lee, producer: Paramount Pictures, country: Estados Unidos, age_rating: Jovens, release_decade: 1990, release_type: Televisao, premios: Nao",10,Downsizing,5.8,0.26666666666666666,Drama,Fantasia,Alexander Payne,Paramount Pictures,Estados Unidos
9,"genre: Épico de Aventura, theme: Crime de Drogas, main_actor: Hugh Grant, director: Chris Weitz, producer: Warner Bros, country: Estados Unidos, age_rating: Jovens, release_decade: 2020, release_type: Televisao, premios: Nao",1,The Mule,7.0,0.2857142857142857,Faroeste Contemporâneo,Crime de Drogas,Clint Eastwood,Warner Bros,Estados Unidos
9,"genre: Épico de Aventura, theme: Crime de Drogas, main_actor: Hugh Grant, director: Chris Weitz, producer: Warner Bros, country: Estados Unidos, age_rating: Jovens, release_decade: 2020, release_type: Televisao, premios: Nao",2,Training Day,7.8,0.26666666666666666,Drama Policial,Crime de Drogas,Antoine Fuqua,Warner Bros,Estados Unidos
9,"genre: Épico de Aventura, theme: Crime de Drogas, main_actor: Hugh Grant, director: Chris Weitz, producer: Warner Bros, country: Estados Unidos, age_rating: Jovens, release_decade: 2020, release_type: Televisao, premios: Nao",3,Murder in the First,7.3,0.2,Thriller Legal,Drama,Outros,Warner Bros,Estados Unidos
9,"genre: Épico de Aventura, theme: Crime de Drogas, main_actor: Hugh Grant, director: Chris Weitz, producer: Warner Bros, country: Estados Unidos, age_rating: Jovens, release_decade: 2020, release_type: Televisao, premios: Nao",4,Presumed Innocent,6.9,0.1875,Thriller Legal,Mistério,Alan J Pakula,Warner Bros,Estados Unidos
9,"genre: Épico de Aventura, theme: Crime de Drogas, main_actor: Hugh Grant, director: Chris Weitz, producer: Warner Bros, country: Estados Unidos, age_rating: Jovens, release_decade: 2020, release_type: Televisao, premios: Nao",5,The Roost,4.8,0.2,Terror Sobrenatural,Terror,Ti West,Glass Eye Pix,Estados Unidos
9,"genre: Épico de Aventura, theme: Crime de Drogas, main_actor: Hugh Grant, director: Chris Weitz, producer: Warner Bros, country: Estados Unidos, age_rating: Jovens, release_decade: 2020, release_type: Televisao, premios: Nao",6,Above the Law,6.0,0.1875,Comédia Sombria,Artes Marciais,Andrew Davis,Warner Bros,Estados Unidos
9,"genre: Épico de Aventura, theme: Crime de Drogas, main_actor: Hugh Grant, director: Chris Weitz, producer: Warner Bros, country: Estados Unidos, age_rating: Jovens, release_decade: 2020, release_type: Televisao, premios: Nao",7,Under Siege 2: Dark Territory,5.6,0.1875,Comédia Sombria,Ação de Exército de Um Só,Geoff Murphy,Warner Bros,Estados Unidos
9,"genre: Épico de Aventura, theme: Crime de Drogas, main_actor: Hugh Grant, director: Chris Weitz, producer: Warner Bros, country: Estados Unidos, age_rating: Jovens, release_decade: 2020, release_type: Televisao, premios: Nao",8,The Suicide Squad,7.2,0.1875,Comédia Sombria,Gun Fu,James Gunn,Warner Bros,Estados Unidos
9,"genre: Épico de Aventura, theme: Crime de Drogas, main_actor: Hugh Grant, director: Chris Weitz, producer: Warner Bros, country: Estados Unidos, age_rating: Jovens, release_decade: 2020, release_type: Televisao, premios: Nao",9,The Informant!,6.5,0.1875,Comédia Sombria,Crime Verdadeiro,Steven Soderbergh,Warner Bros,Estados Unidos
9,"genre: Épico de Aventura, theme: Crime de Drogas, main_actor: Hugh Grant, director: Chris Weitz, producer: Warner Bros, country: Estados Unidos, age_rating: Jovens, release_decade: 2020, release_type: Televisao, premios: Nao",10,Joker: Folie à Deux,5.2,0.2,Musical Jukebox,Outros,Todd Phillips,Warner Bros,Estados Unidos
10,"genre: Drama Psicológico, theme: Romance Quente / Sensual, main_actor: Ryan Reynolds, director: Robert Clouse, producer: Warner Bros, country: Itália, age_rating: Adultos, release_decade: 1980, release_type: Cinema, premios: Nao",1,Challengers,7.1,0.26666666666666666,Drama Psicológico,Romance Quente / Sensual,Luca Guadagnino,Frenesy Film Company,Itália
10,"genre: Drama Psicológico, theme: Romance Quente / Sensual, main_actor: Ryan Reynolds, director: Robert Clouse, producer: Warner Bros, country: Itália, age_rating: Adultos, release_decade: 1980, release_type: Cinema, premios: Nao",2,Contact,7.5,0.1875,Drama Psicológico,Thriller Psicológico,Robert Zemeckis,Warner Bros,Estados Unidos
10,"genre: Drama Psicológico, theme: Romance Quente / Sensual, main_actor: Ryan Reynolds, director: Robert Clouse, producer: Warner Bros, country: Itália, age_rating: Adultos, release_decade: 1980, release_type: Cinema, premios: Nao",3,Il diavolo nella carne,4.0,0.2,Drama,Romance,Joe DAmato,Filmirage,Itália
10,"genre: Drama Psicológico, theme: Romance Quente / Sensual, main_actor: Ryan Reynolds, director: Robert Clouse, producer: Warner Bros, country: Itália, age_rating: Adultos, release_decade: 1980, release_type: Cinema, premios: Nao",4,The Porno Killers,4.7,0.23076923076923078,Ação,Comédia,Outros,Outros,Itália
10,"genre: Drama Psicológico, theme: Romance Quente / Sensual, main_actor: Ryan Reynolds, director: Robert Clouse, producer: Warner Bros, country: Itália, age_rating: Adultos, release_decade: 1980, release_type: Cinema, premios: Nao",5,Requiem for a Dream,8.3,0.1875,Drama Psicológico,Tragédia,Darren Aronofsky,Artisan Entertainment,Estados Unidos
10,"genre: Drama Psicológico, theme: Romance Quente / Sensual, main_actor: Ryan Reynolds, director: Robert Clouse, producer: Warner Bros, country: Itália, age_rating: Adultos, release_decade: 1980, release_type: Cinema, premios: Nao",6,Pokémon: Detective Pikachu,6.5,0.1875,Comédia de Amigos,Aventura,Rob Letterman,Warner Bros,Estados Unidos
10,"genre: Drama Psicológico, theme: Romance Quente / Sensual, main_actor: Ryan Reynolds, director: Robert Clouse, producer: Warner Bros, country: Itália, age_rating: Adultos, release_decade: 1980, release_type: Cinema, premios: Nao",7,Bizarre,4.6,0.23076923076923078,Drama,Terror,Outros,Outros,Itália
10,"genre: Drama Psicológico, theme: Romance Quente / Sensual, main_actor: Ryan Reynolds, director: Robert Clouse, producer: Warner Bros, country: Itália, age_rating: Adultos, release_decade: 1980, release_type: Cinema, premios: Nao",8,Gloria,6.9,0.2,Drama Psicológico,Romance Quente / Sensual,Sebastin Lelio,Fabula,Chile
10,"genre: Drama Psicológico, theme: Romance Quente / Sensual, main_actor: Ryan Reynolds, director: Robert Clouse, producer: Warner Bros, country: Itália, age_rating: Adultos, release_decade: 1980, release_type: Cinema, premios: Nao",9,Dark Obsession,4.8,0.1875,Drama Psicológico,Drama,Nick Broomfield,Film Four International,Reino Unido
10,"genre: Drama Psicológico, theme: Romance Quente / Sensual, main_actor: Ryan Reynolds, director: Robert Clouse, producer: Warner Bros, country: Itália, age_rating: Adultos, release_decade: 1980, release_type: Cinema, premios: Nao",10,Bad Lieutenant,7.0,0.2,Drama Psicológico,Crime,Abel Ferrara,Outros,Estados Unidos
11,"genre: Drama Psicológico, theme: Cinema, main_actor: Robert De Niro, director: Antonio Margheriti, producer: Paramount Pictures, country: Coreia do Sul, age_rating: Adultos, release_decade: 1980, release_type: , premios: Nao",1,The Wailing,7.4,0.14285714285714285,Terror Folclórico,Tragédia,Outros,Outros,Coreia do Sul
11,"genre: Drama Psicológico, theme: Cinema, main_actor: Robert De Niro, director: Antonio Margheriti, producer: Paramount Pictures, country: Coreia do Sul, age_rating: Adultos, release_decade: 1980, release_type: , premios: Nao",2,Requiem for a Dream,8.3,0.1875,Drama Psicológico,Tragédia,Darren Aronofsky,Artisan Entertainment,Estados Unidos
11,"genre: Drama Psicológico, theme: Cinema, main_actor: Robert De Niro, director: Antonio Margheriti, producer: Paramount Pictures, country: Coreia do Sul, age_rating: Adultos, release_decade: 1980, release_type: , premios: Nao",3,The Call,7.1,0.14285714285714285,Thriller Psicológico,Crime,Outros,Outros,Coreia do Sul
11,"genre: Drama Psicológico, theme: Cinema, main_actor: Robert De Niro, director: Antonio Margheriti, producer: Paramount Pictures, country: Coreia do Sul, age_rating: Adultos, release_decade: 1980, release_type: , premios: Nao",4,We're No Angels,6.1,0.1875,Sátira,Comédia,Neil Jordan,Paramount Pictures,Estados Unidos
11,"genre: Drama Psicológico, theme: Cinema, main_actor: Robert De Niro, director: Antonio Margheriti, producer: Paramount Pictures, country: Coreia do Sul, age_rating: Adultos, release_decade: 1980, release_type: , premios: Nao",5,Mother!,6.6,0.1875,Drama Psicológico,Terror Psicológico,Darren Aronofsky,Paramount Pictures,Estados Unidos
11,"genre: Drama Psicológico, theme: Cinema, main_actor: Robert De Niro, director: Antonio Margheriti, producer: Paramount Pictures, country: Coreia do Sul, age_rating: Adultos, release_decade: 1980, release_type: , premios: Nao",6,Night in Paradise,6.8,0.14285714285714285,Ação,Crime,Outros,Outros,Coreia do Sul
11,"genre: Drama Psicológico, theme: Cinema, main_actor: Robert De Niro, director: Antonio Margheriti, producer: Paramount Pictures, country: Coreia do Sul, age_rating: Adultos, release_decade: 1980, release_type: , premios: Nao",7,Dark Obsession,4.8,0.1875,Drama Psicológico,Drama,Nick Broomfield,Film Four International,Reino Unido
11,"genre: Drama Psicológico, theme: Cinema, main_actor: Robert De Niro, director: Antonio Margheriti, producer: Paramount Pictures, country: Coreia do Sul, age_rating: Adultos, release_decade: 1980, release_type: , premios: Nao",8,Bad Lieutenant,7.0,0.2,Drama Psicológico,Crime,Abel Ferrara,Outros,Estados Unidos
11,"genre: Drama Psicológico, theme: Cinema, main_actor: Robert De Niro, director: Antonio Margheriti, producer: Paramount Pictures, country: Coreia do Sul, age_rating: Adultos, release_decade: 1980, release_type: , premios: Nao",9,The Score,6.8,0.1875,Assalto,Crime,Frank Oz,Paramount Pictures,Estados Unidos
11,"genre: Drama Psicológico, theme: Cinema, main_actor: Robert De Niro, director: Antonio Margheriti, producer: Paramount Pictures, country: Coreia do Sul, age_rating: Adultos, release_decade: 1980, release_type: , premios: Nao",10,Memoir of a Murderer,7.2,0.14285714285714285,Thriller Psicológico,Serial Killer,Outros,Outros,Coreia do Sul
12,"genre: Drama, theme: Romance Quente / Sensual, main_actor: Leonardo DiCaprio, director: JJ Abrams, producer: Paramount Pictures, country: Brasil, age_rating: Adultos, release_decade: 2000, release_type: Cinema, premios: Nao",1,Il diavolo nella carne,4.0,0.2,Drama,Romance,Joe DAmato,Filmirage,Itália
12,"genre: Drama, theme: Romance Quente / Sensual, main_actor: Leonardo DiCaprio, director: JJ Abrams, producer: Paramount Pictures, country: Brasil, age_rating: Adultos, release_decade: 2000, release_type: Cinema, premios: Nao",2,Elles,5.6,0.21428571428571427,Drama,Indefinido,Outros,Outros,França
12,"genre: Drama, theme: Romance Quente / Sensual, main_actor: Leonardo DiCaprio, director: JJ Abrams, producer: Paramount Pictures, country: Brasil, age_rating: Adultos, release_decade: 2000, release_type: Cinema, premios: Nao",3,Crash,6.4,0.1875,Drama,Indefinido,David Cronenberg,Alliance Communications Corporation,Canadá
12,"genre: Drama, theme: Romance Quente / Sensual, main_actor: Leonardo DiCaprio, director: JJ Abrams, producer: Paramount Pictures, country: Brasil, age_rating: Adultos, release_decade: 2000, release_type: Cinema, premios: Nao",4,Santa Sangre,7.5,0.23076923076923078,Drama,Terror,Outros,Outros,México
12,"genre: Drama, theme: Romance Quente / Sensual, main_actor: Leonardo DiCaprio, director: JJ Abrams, producer: Paramount Pictures, country: Brasil, age_rating: Adultos, release_decade: 2000, release_type: Cinema, premios: Nao",5,Regarding Henry,6.7,0.1875,Drama,Romance,Mike Nichols,Paramount Pictures,Estados Unidos
12,"genre: Drama, theme: Romance Quente / Sensual, main_actor: Leonardo DiCaprio, director: JJ Abrams, producer: Paramount Pictures, country: Brasil, age_rating: Adultos, release_decade: 2000, release_type: Cinema, premios: Nao",6,Whore,5.6,0.1875,Drama,Indefinido,Ken Russell,Trimark Pictures,Estados Unidos
12,"genre: Drama, theme: Romance Quente / Sensual, main_actor: Leonardo DiCaprio, director: JJ Abrams, producer: Paramount Pictures, country: Brasil, age_rating: Adultos, release_decade: 2000, release_type: Cinema, premios: Nao",7,Star Trek Into Darkness,7.7,0.1875,Ficção Científica Espacial,Ação,JJ Abrams,Paramount Pictures,Estados Unidos
12,"genre: Drama, theme: Romance Quente / Sensual, main_actor: Leonardo DiCaprio, director: JJ Abrams, producer: Paramount Pictures, country: Brasil, age_rating: Adultos, release_decade: 2000, release_type: Cinema, premios: Nao",8,Lower City,6.5,0.21428571428571427,Drama,Indefinido,Outros,Outros,Brasil
12,"genre: Drama, theme: Romance Quente / Sensual, main_actor: Leonardo DiCaprio, director: JJ Abrams, producer: Paramount Pictures, country: Brasil, age_rating: Adultos, release_decade: 2000, release_type: Cinema, premios: Nao",9,Staying Alive,4.8,0.1875,Drama,Música,Sylvester Stallone,Paramount Pictures,Estados Unidos
12,"genre: Drama, theme: Romance Quente / Sensual, main_actor: Leonardo DiCaprio, director: JJ Abrams, producer: Paramount Pictures, country: Brasil, age_rating: Adultos, release_decade: 2000, release_type: Cinema, premios: Nao",10,Blindness,6.5,0.2,Drama,Mistério,Outros,Rhombus Media,Brasil
13,"genre: Comédia Romântica, theme: Fantasia, main_actor: Jamie Foxx, director: Elizabeth Chai Vasarhelyi, producer: Walt Disney Pictures, country: Brasil, age_rating: Adultos, release_decade: 2020, release_type: Cinema, premios: Nao",1,O Início do Sexo,4.9,0.23076923076923078,Crime,Indefinido,Outros,Outros,Brasil
13,"genre: Comédia Romântica, theme: Fantasia, main_actor: Jamie Foxx, director: Elizabeth Chai Vasarhelyi, producer: Walt Disney Pictures, country: Brasil, age_rating: Adultos, release_decade: 2020, release_type: Cinema, premios: Nao",2,High Test Girls,4.4,0.23076923076923078,Comédia,Fantasia,Outros,Outros,Switzerland
13,"genre: Comédia Romântica, theme: Fantasia, main_actor: Jamie Foxx, director: Elizabeth Chai Vasarhelyi, producer: Walt Disney Pictures, country: Brasil, age_rating: Adultos, release_decade: 2020, release_type: Cinema, premios: Nao",3,Bare Behind Bars,4.3,0.23076923076923078,Crime,Drama,Outros,Outros,Brasil
13,"genre: Comédia Romântica, theme: Fantasia, main_actor: Jamie Foxx, director: Elizabeth Chai Vasarhelyi, producer: Walt Disney Pictures, country: Brasil, age_rating: Adultos, release_decade: 2020, release_type: Cinema, premios: Nao",4,Soul,8.0,0.2,Computer Animation,Aventura,Outros,Walt Disney Pictures,Estados Unidos
13,"genre: Comédia Romântica, theme: Fantasia, main_actor: Jamie Foxx, director: Elizabeth Chai Vasarhelyi, producer: Walt Disney Pictures, country: Brasil, age_rating: Adultos, release_decade: 2020, release_type: Cinema, premios: Nao",5,The Three Musketeers,6.4,0.11764705882352941,Capa e Espada,Ação,Stephen Herek,Walt Disney Pictures,Reino Unido
13,"genre: Comédia Romântica, theme: Fantasia, main_actor: Jamie Foxx, director: Elizabeth Chai Vasarhelyi, producer: Walt Disney Pictures, country: Brasil, age_rating: Adultos, release_decade: 2020, release_type: Cinema, premios: Nao",6,Eva,6.6,0.125,Drama,Fantasia,Outros,Canal Espaa,Espanha
13,"genre: Comédia Romântica, theme: Fantasia, main_actor: Jamie Foxx, director: Elizabeth Chai Vasarhelyi, producer: Walt Disney Pictures, country: Brasil, age_rating: Adultos, release_decade: 2020, release_type: Cinema, premios: Nao",7,Il diavolo nella carne,4.0,0.125,Drama,Romance,Joe DAmato,Filmirage,Itália
13,"genre: Comédia Romântica, theme: Fantasia, main_actor: Jamie Foxx, director: Elizabeth Chai Vasarhelyi, producer: Walt Disney Pictures, country: Brasil, age_rating: Adultos, release_decade: 2020, release_type: Cinema, premios: Nao",8,"Emanuelle, Queen of Sados",4.4,0.14285714285714285,Crime,Drama,Outros,Outros,Greece
13,"genre: Comédia Romântica, theme: Fantasia, main_actor: Jamie Foxx, director: Elizabeth Chai Vasarhelyi, producer: Walt Disney Pictures, country: Brasil, age_rating: Adultos, release_decade: 2020, release_type: Cinema, premios: Nao",9,Something Wicked This Way Comes,6.7,0.13333333333333333,Fantasia Sombria,Fantasia,Outros,Walt Disney Productions,Estados Unidos
13,"genre: Comédia Romântica, theme: Fantasia, main_actor: Jamie Foxx, director: Elizabeth Chai Vasarhelyi, producer: Walt Disney Pictures, country: Brasil, age_rating: Adultos, release_decade: 2020, release_type: Cinema, premios: Nao",10,Pooh's Heffalump Movie,6.4,0.125,Animação Desenhada à Mão,Aventura,Outros,Walt Disney Pictures,Estados Unidos
14,"genre: Thriller, theme: Fantasia, main_actor: Megan Fox, director: Tim Burton, producer: Harpo Films, country: Brasil, age_rating: Jovens, release_decade: 1980, release_type: Cinema, premios: Sim",1,Julia and Julia,5.4,0.26666666666666666,Drama,Fantasia,Outros,RAI Radiotelevisione Italiana,Itália
14,"genre: Thriller, theme: Fantasia, main_actor: Megan Fox, director: Tim Burton, producer: Harpo Films, country: Brasil, age_rating: Jovens, release_decade: 1980, release_type: Cinema, premios: Sim",2,The Boy Next Door,4.7,0.25,Thriller,Indefinido,Rob Cohen,Universal Pictures,Estados Unidos
14,"genre: Thriller, theme: Fantasia, main_actor: Megan Fox, director: Tim Burton, producer: Harpo Films, country: Brasil, age_rating: Jovens, release_decade: 1980, release_type: Cinema, premios: Sim",3,Lower City,6.5,0.2857142857142857,Drama,Indefinido,Outros,Outros,Brasil
14,"genre: Thriller, theme: Fantasia, main_actor: Megan Fox, director: Tim Burton, producer: Harpo Films, country: Brasil, age_rating: Jovens, release_decade: 1980, release_type: Cinema, premios: Sim",4,Blindness,6.5,0.26666666666666666,Drama,Mistério,Outros,Rhombus Media,Brasil
14,"genre: Thriller, theme: Fantasia, main_actor: Megan Fox, director: Tim Burton, producer: Harpo Films, country: Brasil, age_rating: Jovens, release_decade: 1980, release_type: Cinema, premios: Sim",5,Born of Fire,6.1,0.26666666666666666,Drama,Fantasia,Outros,Film Four International,Reino Unido
14,"genre: Thriller, theme: Fantasia, main_actor: Megan Fox, director: Tim Burton, producer: Harpo Films, country: Brasil, age_rating: Jovens, release_decade: 1980, release_type: Cinema, premios: Sim",6,Subway,6.5,0.25,Thriller,Indefinido,Luc Besson,Gaumont,França
14,"genre: Thriller, theme: Fantasia, main_actor: Megan Fox, director: Tim Burton, producer: Harpo Films, country: Brasil, age_rating: Jovens, release_decade: 1980, release_type: Cinema, premios: Sim",7,Intacto,6.8,0.26666666666666666,Drama,Fantasia,Outros,Canal Espaa,Espanha
14,"genre: Thriller, theme: Fantasia, main_actor: Megan Fox, director: Tim Burton, producer: Harpo Films, country: Brasil, age_rating: Jovens, release_decade: 1980, release_type: Cinema, premios: Sim",8,Don't Be Afraid of the Dark,5.5,0.26666666666666666,Terror Sobrenatural,Fantasia,Outros,Miramax,Estados Unidos
14,"genre: Thriller, theme: Fantasia, main_actor: Megan Fox, director: Tim Burton, producer: Harpo Films, country: Brasil, age_rating: Jovens, release_decade: 1980, release_type: Cinema, premios: Sim",9,Yakuza Princess,4.8,0.2857142857142857,Thriller,Indefinido,Outros,Outros,Brasil
14,"genre: Thriller, theme: Fantasia, main_actor: Megan Fox, director: Tim Burton, producer: Harpo Films, country: Brasil, age_rating: Jovens, release_decade: 1980, release_type: Cinema, premios: Sim",10,Intruders,5.4,0.26666666666666666,Terror Sobrenatural,Fantasia,Outros,Canal Espaa,Estados Unidos
15,"genre: Thriller, theme: Mistério, main_actor: Emily Blunt, director: George Miller, producer: Walt Disney Pictures, country: Coreia do Sul, age_rating: Jovens, release_decade: 2000, release_type: , premios: Nao",1,Escape from Mogadishu,7.0,0.14285714285714285,Ação,Drama,Outros,Outros,Coreia do Sul
15,"genre: Thriller, theme: Mistério, main_actor: Emily Blunt, director: George Miller, producer: Walt Disney Pictures, country: Coreia do Sul, age_rating: Jovens, release_decade: 2000, release_type: , premios: Nao",2,Presumed Innocent,6.9,0.11764705882352941,Thriller Legal,Mistério,Alan J Pakula,Warner Bros,Estados Unidos
15,"genre: Thriller, theme: Mistério, main_actor: Emily Blunt, director: George Miller, producer: Walt Disney Pictures, country: Coreia do Sul, age_rating: Jovens, release_decade: 2000, release_type: , premios: Nao",3,Last Moment of Clarity,5.2,0.125,Drama,Mistério,Outros,Metalwork Pictures,Estados Unidos
15,"genre: Thriller, theme: Mistério, main_actor: Emily Blunt, director: George Miller, producer: Walt Disney Pictures, country: Coreia do Sul, age_rating: Jovens, release_decade: 2000, release_type: , premios: Nao",4,The Strangers,6.1,0.125,Terror,Mistério,Outros,Rogue Pictures,Estados Unidos
15,"genre: Thriller, theme: Mistério, main_actor: Emily Blunt, director: George Miller, producer: Walt Disney Pictures, country: Coreia do Sul, age_rating: Jovens, release_decade: 2000, release_type: , premios: Nao",5,The Boy Next Door,4.7,0.11764705882352941,Thriller,Indefinido,Rob Cohen,Universal Pictures,Estados Unidos
15,"genre: Thriller, theme: Mistério, main_actor: Emily Blunt, director: George Miller, producer: Walt Disney Pictures, country: Coreia do Sul, age_rating: Jovens, release_decade: 2000, release_type: , premios: Nao",6,Woman of Desire,4.1,0.125,Drama,Mistério,Outros,Millennium Films,Estados Unidos
15,"genre: Thriller, theme: Mistério, main_actor: Emily Blunt, director: George Miller, producer: Walt Disney Pictures, country: Coreia do Sul, age_rating: Jovens, release_decade: 2000, release_type: , premios: Nao",7,Chunhyang,7.1,0.13333333333333333,Drama,Musical,Outros,CJ Entertainment,Coreia do Sul
15,"genre: Thriller, theme: Mistério, main_actor: Emily Blunt, director: George Miller, producer: Walt Disney Pictures, country: Coreia do Sul, age_rating: Jovens, release_decade: 2000, release_type: , premios: Nao",8,Quid Pro Quo,6.1,0.125,Drama,Mistério,Outros,HDNet Films,Estados Unidos
15,"genre: Thriller, theme: Mistério, main_actor: Emily Blunt, director: George Miller, producer: Walt Disney Pictures, country: Coreia do Sul, age_rating: Jovens, release_decade: 2000, release_type: , premios: Nao",9,A Jazzman's Blues,6.8,0.125,Drama,Mistério,Tyler Perry,Tyler Perry Studios,Estados Unidos
15,"genre: Thriller, theme: Mistério, main_actor: Emily Blunt, director: George Miller, producer: Walt Disney Pictures, country: Coreia do Sul, age_rating: Jovens, release_decade: 2000, release_type: , premios: Nao",10,Immortality,6.2,0.13333333333333333,Crime,Mistério,Outros,Outros,Reino Unido
16,"genre: Comédia Romântica, theme: Mistério, main_actor: Zac Efron, director: Tom Holland, producer: Harpo Films, country: Itália, age_rating: Jovens, release_decade: 1990, release_type: Cinema, premios: Sim",1,Barney's Version,7.3,0.26666666666666666,Comédia,Drama,Outros,Serendipity Point Films,Itália
16,"genre: Comédia Romântica, theme: Mistério, main_actor: Zac Efron, director: Tom Holland, producer: Harpo Films, country: Itália, age_rating: Jovens, release_decade: 1990, release_type: Cinema, premios: Sim",2,Julia and Julia,5.4,0.26666666666666666,Drama,Fantasia,Outros,RAI Radiotelevisione Italiana,Itália
16,"genre: Comédia Romântica, theme: Mistério, main_actor: Zac Efron, director: Tom Holland, producer: Harpo Films, country: Itália, age_rating: Jovens, release_decade: 1990, release_type: Cinema, premios: Sim",3,Presumed Innocent,6.9,0.25,Thriller Legal,Mistério,Alan J Pakula,Warner Bros,Estados Unidos
16,"genre: Comédia Romântica, theme: Mistério, main_actor: Zac Efron, director: Tom Holland, producer: Harpo Films, country: Itália, age_rating: Jovens, release_decade: 1990, release_type: Cinema, premios: Sim",4,King of New York,6.9,0.25,Comédia Sombria,Gangster,Abel Ferrara,Reteitalia,Itália
16,"genre: Comédia Romântica, theme: Mistério, main_actor: Zac Efron, director: Tom Holland, producer: Harpo Films, country: Itália, age_rating: Jovens, release_decade: 1990, release_type: Cinema, premios: Sim",5,The Strangers,6.1,0.26666666666666666,Terror,Mistério,Outros,Rogue Pictures,Estados Unidos
16,"genre: Comédia Romântica, theme: Mistério, main_actor: Zac Efron, director: Tom Holland, producer: Harpo Films, country: Itália, age_rating: Jovens, release_decade: 1990, release_type: Cinema, premios: Sim",6,Kaos,7.8,0.3076923076923077,Comédia,Drama,Outros,Outros,Itália
16,"genre: Comédia Romântica, theme: Mistério, main_actor: Zac Efron, director: Tom Holland, producer: Harpo Films, country: Itália, age_rating: Jovens, release_decade: 1990, release_type: Cinema, premios: Sim",7,A Jazzman's Blues,6.8,0.26666666666666666,Drama,Mistério,Tyler Perry,Tyler Perry Studios,Estados Unidos
16,"genre: Comédia Romântica, theme: Mistério, main_actor: Zac Efron, director: Tom Holland, producer: Harpo Films, country: Itália, age_rating: Jovens, release_decade: 1990, release_type: Cinema, premios: Sim",8,Immortality,6.2,0.2857142857142857,Crime,Mistério,Outros,Outros,Reino Unido
16,"genre: Comédia Romântica, theme: Mistério, main_actor: Zac Efron, director: Tom Holland, producer: Harpo Films, country: Itália, age_rating: Jovens, release_decade: 1990, release_type: Cinema, premios: Sim",9,Coffee and Cigarettes,7.0,0.25,Comédia Sombria,Comédia,Jim Jarmusch,BIM Distribuzione,Itália
16,"genre: Comédia Romântica, theme: Mistério, main_actor: Zac Efron, director: Tom Holland, producer: Harpo Films, country: Itália, age_rating: Jovens, release_decade: 1990, release_type: Cinema, premios: Sim",10,Affliction,6.9,0.25,Drama,Mistério,Paul Schrader,JVC Entertainment Networks,Estados Unidos
17,"genre: Thriller, theme: Assalto, main_actor: Robin Williams, director: James Ivory, producer: TriStar Pictures, country: França, age_rating: Jovens, release_decade: 2020, release_type: Cinema, premios: Nao",1,Le déclic,4.1,0.3333333333333333,Thriller,Indefinido,Outros,Outros,França
17,"genre: Thriller, theme: Assalto, main_actor: Robin Williams, director: James Ivory, producer: TriStar Pictures, country: França, age_rating: Jovens, release_decade: 2020, release_type: Cinema, premios: Nao",2,Subway,6.5,0.26666666666666666,Thriller,Indefinido,Luc Besson,Gaumont,França
17,"genre: Thriller, theme: Assalto, main_actor: Robin Williams, director: James Ivory, producer: TriStar Pictures, country: França, age_rating: Jovens, release_decade: 2020, release_type: Cinema, premios: Nao",3,Femme Fatale,6.2,0.26666666666666666,Thriller Erótico,Assalto,Brian De Palma,Epsilon Motion Pictures,França
17,"genre: Thriller, theme: Assalto, main_actor: Robin Williams, director: James Ivory, producer: TriStar Pictures, country: França, age_rating: Jovens, release_decade: 2020, release_type: Cinema, premios: Nao",4,Slaves of New York,5.7,0.26666666666666666,Comédia,Drama,James Ivory,TriStar Pictures,Estados Unidos
17,"genre: Thriller, theme: Assalto, main_actor: Robin Williams, director: James Ivory, producer: TriStar Pictures, country: França, age_rating: Jovens, release_decade: 2020, release_type: Cinema, premios: Nao",5,Kings,5.1,0.21428571428571427,Crime Verdadeiro,Crime,Outros,Outros,França
17,"genre: Thriller, theme: Assalto, main_actor: Robin Williams, director: James Ivory, producer: TriStar Pictures, country: França, age_rating: Jovens, release_decade: 2020, release_type: Cinema, premios: Nao",6,Valmont,7.0,0.1875,Period Drama,Tragédia,Milos Forman,Renn Productions,França
17,"genre: Thriller, theme: Assalto, main_actor: Robin Williams, director: James Ivory, producer: TriStar Pictures, country: França, age_rating: Jovens, release_decade: 2020, release_type: Cinema, premios: Nao",7,Alice and Martin,6.2,0.2,Drama,Romance,Outros,Les Films Alain Sarde,França
17,"genre: Thriller, theme: Assalto, main_actor: Robin Williams, director: James Ivory, producer: TriStar Pictures, country: França, age_rating: Jovens, release_decade: 2020, release_type: Cinema, premios: Nao",8,Raw,6.9,0.23076923076923078,Terror Corporal (Body Horror),Amadurecimento,Outros,Outros,França
17,"genre: Thriller, theme: Assalto, main_actor: Robin Williams, director: James Ivory, producer: TriStar Pictures, country: França, age_rating: Jovens, release_decade: 2020, release_type: Cinema, premios: Nao",9,Hideaway,5.3,0.2,Terror Psicológico,Thriller Psicológico,Outros,TriStar Pictures,Estados Unidos
17,"genre: Thriller, theme: Assalto, main_actor: Robin Williams, director: James Ivory, producer: TriStar Pictures, country: França, age_rating: Jovens, release_decade: 2020, release_type: Cinema, premios: Nao",10,The Death of Stalin,7.3,0.2,Comédia Sombria,Sátira,Outros,Gaumont,França
18,"genre: Romance Leve, theme: História, main_actor: Sandra Bullock, director: Brad Bird, producer: TriStar Pictures, country: França, age_rating: Família, release_decade: 1980, release_type: Cinema, premios: Nao",1,Sleepless in Seattle,6.8,0.26666666666666666,Romance Leve,Comédia Romântica,Nora Ephron,TriStar Pictures,Estados Unidos
18,"genre: Romance Leve, theme: História, main_actor: Sandra Bullock, director: Brad Bird, producer: TriStar Pictures, country: França, age_rating: Família, release_decade: 1980, release_type: Cinema, premios: Nao",2,The Innocents,7.3,0.2857142857142857,Drama,História,Anne Fontaine,Mandarin Films,França
18,"genre: Romance Leve, theme: História, main_actor: Sandra Bullock, director: Brad Bird, producer: TriStar Pictures, country: França, age_rating: Família, release_decade: 1980, release_type: Cinema, premios: Nao",3,Steel Magnolias,7.3,0.26666666666666666,Romance Leve,Comédia,Herbert Ross,TriStar Pictures,Estados Unidos
18,"genre: Romance Leve, theme: História, main_actor: Sandra Bullock, director: Brad Bird, producer: TriStar Pictures, country: França, age_rating: Família, release_decade: 1980, release_type: Cinema, premios: Nao",4,While You Were Sleeping,6.8,0.26666666666666666,Romance Leve,Comédia de Feriado,Jon Turteltaub,Hollywood Pictures,Estados Unidos
18,"genre: Romance Leve, theme: História, main_actor: Sandra Bullock, director: Brad Bird, producer: TriStar Pictures, country: França, age_rating: Família, release_decade: 1980, release_type: Cinema, premios: Nao",5,The Last of the Unjust,7.3,0.3076923076923077,Documentário,História,Outros,Le Pacte,França
18,"genre: Romance Leve, theme: História, main_actor: Sandra Bullock, director: Brad Bird, producer: TriStar Pictures, country: França, age_rating: Família, release_decade: 1980, release_type: Cinema, premios: Nao",6,Two Weeks Notice,6.2,0.2857142857142857,Romance Leve,Comédia Romântica,Outros,Castle Rock Entertainment,Estados Unidos
18,"genre: Romance Leve, theme: História, main_actor: Sandra Bullock, director: Brad Bird, producer: TriStar Pictures, country: França, age_rating: Família, release_decade: 1980, release_type: Cinema, premios: Nao",7,The Taste of Things,7.4,0.2857142857142857,Romance Leve,Drama de Época,Outros,Gaumont,França
18,"genre: Romance Leve, theme: História, main_actor: Sandra Bullock, director: Brad Bird, producer: TriStar Pictures, country: França, age_rating: Família, release_decade: 1980, release_type: Cinema, premios: Nao",8,Of Gods and Men,7.2,0.2857142857142857,Drama,História,Outros,Why Not Productions,França
18,"genre: Romance Leve, theme: História, main_actor: Sandra Bullock, director: Brad Bird, producer: TriStar Pictures, country: França, age_rating: Família, release_decade: 1980, release_type: Cinema, premios: Nao",9,Premonition,5.9,0.2857142857142857,Drama,Fantasia,Outros,TriStar Pictures,Estados Unidos
18,"genre: Romance Leve, theme: História, main_actor: Sandra Bullock, director: Brad Bird, producer: TriStar Pictures, country: França, age_rating: Família, release_decade: 1980, release_type: Cinema, premios: Nao",10,The Diving Bell and the Butterfly,8.0,0.1875,Drama Médico,Biografia,Julian Schnabel,Path,França
19,"genre: Comédia Vulgar, theme: Ficção Científica, main_actor: Charlie Sheen, director: Zack Snyder, producer: Disney Television Animation, country: Espanha, age_rating: Jovens, release_decade: 2010, release_type: Cinema, premios: Nao",1,The Children,5.4,0.23076923076923078,Terror,Ficção Científica,Outros,Outros,Estados Unidos
19,"genre: Comédia Vulgar, theme: Ficção Científica, main_actor: Charlie Sheen, director: Zack Snyder, producer: Disney Television Animation, country: Espanha, age_rating: Jovens, release_decade: 2010, release_type: Cinema, premios: Nao",2,The Being,4.4,0.21428571428571427,Terror,Ficção Científica,Outros,Outros,Estados Unidos
19,"genre: Comédia Vulgar, theme: Ficção Científica, main_actor: Charlie Sheen, director: Zack Snyder, producer: Disney Television Animation, country: Espanha, age_rating: Jovens, release_decade: 2010, release_type: Cinema, premios: Nao",3,Casual Sex?,5.1,0.2,Comédia Vulgar,Comédia,Outros,Universal Pictures,Estados Unidos
19,"genre: Comédia Vulgar, theme: Ficção Científica, main_actor: Charlie Sheen, director: Zack Snyder, producer: Disney Television Animation, country: Espanha, age_rating: Jovens, release_decade: 2010, release_type: Cinema, premios: Nao",4,2019: After the Fall of New York,5.5,0.23076923076923078,Ação,Ficção Científica,Outros,Outros,Itália
19,"genre: Comédia Vulgar, theme: Ficção Científica, main_actor: Charlie Sheen, director: Zack Snyder, producer: Disney Television Animation, country: Espanha, age_rating: Jovens, release_decade: 2010, release_type: Cinema, premios: Nao",5,My Tutor,5.2,0.21428571428571427,Comédia Vulgar,Comédia,Outros,Marimark Productions,Estados Unidos
19,"genre: Comédia Vulgar, theme: Ficção Científica, main_actor: Charlie Sheen, director: Zack Snyder, producer: Disney Television Animation, country: Espanha, age_rating: Jovens, release_decade: 2010, release_type: Cinema, premios: Nao",6,Virtual Encounters,4.1,0.1875,Drama,Ficção Científica,Cybil Richards,Surrender Cinema,Estados Unidos
19,"genre: Comédia Vulgar, theme: Ficção Científica, main_actor: Charlie Sheen, director: Zack Snyder, producer: Disney Television Animation, country: Espanha, age_rating: Jovens, release_decade: 2010, release_type: Cinema, premios: Nao",7,Rowing with the Wind,5.8,0.2,Drama,Terror,Outros,Televisin Espaola TVE,Espanha
19,"genre: Comédia Vulgar, theme: Ficção Científica, main_actor: Charlie Sheen, director: Zack Snyder, producer: Disney Television Animation, country: Espanha, age_rating: Jovens, release_decade: 2010, release_type: Cinema, premios: Nao",8,The Boogens,5.5,0.23076923076923078,Terror,Ficção Científica,Outros,Outros,Estados Unidos
19,"genre: Comédia Vulgar, theme: Ficção Científica, main_actor: Charlie Sheen, director: Zack Snyder, producer: Disney Television Animation, country: Espanha, age_rating: Jovens, release_decade: 2010, release_type: Cinema, premios: Nao",9,Goya in Bordeaux,6.6,0.2,Period Drama,Biografia,Carlos Saura,Lolafilms,Espanha
19,"genre: Comédia Vulgar, theme: Ficção Científica, main_actor: Charlie Sheen, director: Zack Snyder, producer: Disney Television Animation, country: Espanha, age_rating: Jovens, release_decade: 2010, release_type: Cinema, premios: Nao",10,Outrage,6.0,0.1875,Drama,Romance,Carlos Saura,Antena 3 Televisin,Espanha
20,"genre: Comédia Vulgar, theme: Ficção Científica, main_actor: Meryl Streep, director: Sam Raimi, producer: Disney Television Animation, country: França, age_rating: Jovens, release_decade: 2020, release_type: Cinema, premios: Nao",1,The Last Battle,6.7,0.2857142857142857,Ficção Científica Distópica,Ficção Científica,Luc Besson,Outros,França
20,"genre: Comédia Vulgar, theme: Ficção Científica, main_actor: Meryl Streep, director: Sam Raimi, producer: Disney Television Animation, country: França, age_rating: Jovens, release_decade: 2020, release_type: Cinema, premios: Nao",2,Death Watch,6.6,0.26666666666666666,Drama,Ficção Científica,Bertrand Tavernier,Little Bear,França
20,"genre: Comédia Vulgar, theme: Ficção Científica, main_actor: Meryl Streep, director: Sam Raimi, producer: Disney Television Animation, country: França, age_rating: Jovens, release_decade: 2020, release_type: Cinema, premios: Nao",3,Immortal,5.9,0.2857142857142857,Drama,Ficção Científica,Outros,TF1 Films Production,França
20,"genre: Comédia Vulgar, theme: Ficção Científica, main_actor: Meryl Streep, director: Sam Raimi, producer: Disney Television Animation, country: França, age_rating: Jovens, release_decade: 2020, release_type: Cinema, premios: Nao",4,The Children,5.4,0.23076923076923078,Terror,Ficção Científica,Outros,Outros,Estados Unidos
20,"genre: Comédia Vulgar, theme: Ficção Científica, main_actor: Meryl Streep, director: Sam Raimi, producer: Disney Television Animation, country: França, age_rating: Jovens, release_decade: 2020, release_type: Cinema, premios: Nao",5,The Being,4.4,0.21428571428571427,Terror,Ficção Científica,Outros,Outros,Estados Unidos
20,"genre: Comédia Vulgar, theme: Ficção Científica, main_actor: Meryl Streep, director: Sam Raimi, producer: Disney Television Animation, country: França, age_rating: Jovens, release_decade: 2020, release_type: Cinema, premios: Nao",6,Kings,5.1,0.21428571428571427,Crime Verdadeiro,Crime,Outros,Outros,França
20,"genre: Comédia Vulgar, theme: Ficção Científica, main_actor: Meryl Streep, director: Sam Raimi, producer: Disney Television Animation, country: França, age_rating: Jovens, release_decade: 2020, release_type: Cinema, premios: Nao",7,Valmont,7.0,0.1875,Period Drama,Tragédia,Milos Forman,Renn Productions,França
20,"genre: Comédia Vulgar, theme: Ficção Científica, main_actor: Meryl Streep, director: Sam Raimi, producer: Disney Television Animation, country: França, age_rating: Jovens, release_decade: 2020, release_type: Cinema, premios: Nao",8,Alice and Martin,6.2,0.2,Drama,Romance,Outros,Les Films Alain Sarde,França
20,"genre: Comédia Vulgar, theme: Ficção Científica, main_actor: Meryl Streep, director: Sam Raimi, producer: Disney Television Animation, country: França, age_rating: Jovens, release_decade: 2020, release_type: Cinema, premios: Nao",9,Raw,6.9,0.23076923076923078,Terror Corporal (Body Horror),Amadurecimento,Outros,Outros,França
20,"genre: Comédia Vulgar, theme: Ficção Científica, main_actor: Meryl Streep, director: Sam Raimi, producer: Disney Television Animation, country: França, age_rating: Jovens, release_decade: 2020, release_type: Cinema, premios: Nao",10,The Death of Stalin,7.3,0.2,Comédia Sombria,Sátira,Outros,Gaumont,França
